25210.0, {'GS_cluster_357187_359543': 0.0}, {'GS_cluster_357187_359543': 0}, {'GS_cluster_357187_359543': 0}, 
25220.0, {'GS_cluster_357187_359543': 0.0}, {'GS_cluster_357187_359543': 0}, {'GS_cluster_357187_359543': 0}, 
25230.0, {'GS_cluster_357187_359543': -0.004464286}, {'GS_cluster_357187_359543': 1}, {'GS_cluster_357187_359543': 1}, 
25240.0, {'GS_cluster_357187_359543': -0.026785715}, {'GS_cluster_357187_359543': 1}, {'GS_cluster_357187_359543': 1}, 
25250.0, {'GS_cluster_357187_359543': 0.0}, {'GS_cluster_357187_359543': 0}, {'GS_cluster_357187_359543': 0}, 
25260.0, {'GS_cluster_357187_359543': -0.06696428}, {'GS_cluster_357187_359543': 2}, {'GS_cluster_357187_359543': 4}, 
25270.0, {'GS_cluster_357187_359543': -0.29464287}, {'GS_cluster_357187_359543': 4}, {'GS_cluster_357187_359543': 7}, 
25280.0, {'GS_cluster_357187_359543': -0.6875}, {'GS_cluster_357187_359543': 6}, {'GS_cluster_357187_359543': 11}, 
25290.0, {'GS_cluster_357187_359543': -1.2767857}, {'GS_cluster_357187_359543': 8}, {'GS_cluster_357187_359543': 15}, 
25300.0, {'GS_cluster_357187_359543': -2.075893}, {'GS_cluster_357187_359543': 10}, {'GS_cluster_357187_359543': 21}, 
25310.0, {'GS_cluster_357187_359543': -3.09375}, {'GS_cluster_357187_359543': 12}, {'GS_cluster_357187_359543': 26}, 
25320.0, {'GS_cluster_357187_359543': -4.0}, {'GS_cluster_357187_359543': 15}, {'GS_cluster_357187_359543': 31}, 
25330.0, {'GS_cluster_357187_359543': -4.0}, {'GS_cluster_357187_359543': 16}, {'GS_cluster_357187_359543': 35}, 
25340.0, {'GS_cluster_357187_359543': -4.0}, {'GS_cluster_357187_359543': 16}, {'GS_cluster_357187_359543': 34}, 
25350.0, {'GS_cluster_357187_359543': -4.0}, {'GS_cluster_357187_359543': 16}, {'GS_cluster_357187_359543': 35}, 
25360.0, {'GS_cluster_357187_359543': -4.0}, {'GS_cluster_357187_359543': 16}, {'GS_cluster_357187_359543': 33}, 
25370.0, {'GS_cluster_357187_359543': -4.0}, {'GS_cluster_357187_359543': 16}, {'GS_cluster_357187_359543': 35}, 
25380.0, {'GS_cluster_357187_359543': -4.0}, {'GS_cluster_357187_359543': 16}, {'GS_cluster_357187_359543': 35}, 
25390.0, {'GS_cluster_357187_359543': -4.0}, {'GS_cluster_357187_359543': 16}, {'GS_cluster_357187_359543': 36}, 
25400.0, {'GS_cluster_357187_359543': -4.0}, {'GS_cluster_357187_359543': 16}, {'GS_cluster_357187_359543': 37}, 
25410.0, {'GS_cluster_357187_359543': -4.0}, {'GS_cluster_357187_359543': 16}, {'GS_cluster_357187_359543': 38}, 
25420.0, {'GS_cluster_357187_359543': -4.0}, {'GS_cluster_357187_359543': 16}, {'GS_cluster_357187_359543': 37}, 
25430.0, {'GS_cluster_357187_359543': -4.0}, {'GS_cluster_357187_359543': 16}, {'GS_cluster_357187_359543': 37}, 
25440.0, {'GS_cluster_357187_359543': -4.0}, {'GS_cluster_357187_359543': 16}, {'GS_cluster_357187_359543': 36}, 
25450.0, {'GS_cluster_357187_359543': -4.0}, {'GS_cluster_357187_359543': 16}, {'GS_cluster_357187_359543': 40}, 
25460.0, {'GS_cluster_357187_359543': -4.0}, {'GS_cluster_357187_359543': 16}, {'GS_cluster_357187_359543': 42}, 
25470.0, {'GS_cluster_357187_359543': -4.0}, {'GS_cluster_357187_359543': 16}, {'GS_cluster_357187_359543': 43}, 
25480.0, {'GS_cluster_357187_359543': -4.0}, {'GS_cluster_357187_359543': 16}, {'GS_cluster_357187_359543': 54}, 
25490.0, {'GS_cluster_357187_359543': -4.0}, {'GS_cluster_357187_359543': 16}, {'GS_cluster_357187_359543': 62}, 
25500.0, {'GS_cluster_357187_359543': -4.0}, {'GS_cluster_357187_359543': 16}, {'GS_cluster_357187_359543': 61}, 
25510.0, {'GS_cluster_357187_359543': -4.0}, {'GS_cluster_357187_359543': 16}, {'GS_cluster_357187_359543': 67}, 
25520.0, {'GS_cluster_357187_359543': -4.0}, {'GS_cluster_357187_359543': 16}, {'GS_cluster_357187_359543': 68}, 
25530.0, {'GS_cluster_357187_359543': -4.0}, {'GS_cluster_357187_359543': 16}, {'GS_cluster_357187_359543': 68}, 
25540.0, {'GS_cluster_357187_359543': -4.0}, {'GS_cluster_357187_359543': 16}, {'GS_cluster_357187_359543': 66}, 
25550.0, {'GS_cluster_357187_359543': -4.0}, {'GS_cluster_357187_359543': 16}, {'GS_cluster_357187_359543': 64}, 
25560.0, {'GS_cluster_357187_359543': -4.0}, {'GS_cluster_357187_359543': 16}, {'GS_cluster_357187_359543': 62}, 
25570.0, {'GS_cluster_357187_359543': -4.0}, {'GS_cluster_357187_359543': 16}, {'GS_cluster_357187_359543': 62}, 
25580.0, {'GS_cluster_357187_359543': -4.0}, {'GS_cluster_357187_359543': 16}, {'GS_cluster_357187_359543': 60}, 
25590.0, {'GS_cluster_357187_359543': -4.0}, {'GS_cluster_357187_359543': 16}, {'GS_cluster_357187_359543': 58}, 
25600.0, {'GS_cluster_357187_359543': -4.0}, {'GS_cluster_357187_359543': 16}, {'GS_cluster_357187_359543': 56}, 
25610.0, {'GS_cluster_357187_359543': -4.0}, {'GS_cluster_357187_359543': 16}, {'GS_cluster_357187_359543': 54}, 
25620.0, {'GS_cluster_357187_359543': -4.0}, {'GS_cluster_357187_359543': 16}, {'GS_cluster_357187_359543': 52}, 
25630.0, {'GS_cluster_357187_359543': -4.0}, {'GS_cluster_357187_359543': 16}, {'GS_cluster_357187_359543': 52}, 
25640.0, {'GS_cluster_357187_359543': -4.0}, {'GS_cluster_357187_359543': 16}, {'GS_cluster_357187_359543': 51}, 
25650.0, {'GS_cluster_357187_359543': -4.0}, {'GS_cluster_357187_359543': 16}, {'GS_cluster_357187_359543': 53}, 
25660.0, {'GS_cluster_357187_359543': -4.0}, {'GS_cluster_357187_359543': 16}, {'GS_cluster_357187_359543': 53}, 
25670.0, {'GS_cluster_357187_359543': -4.0}, {'GS_cluster_357187_359543': 16}, {'GS_cluster_357187_359543': 58}, 
25680.0, {'GS_cluster_357187_359543': -4.0}, {'GS_cluster_357187_359543': 16}, {'GS_cluster_357187_359543': 58}, 
25690.0, {'GS_cluster_357187_359543': -4.0}, {'GS_cluster_357187_359543': 16}, {'GS_cluster_357187_359543': 57}, 
25700.0, {'GS_cluster_357187_359543': -4.0}, {'GS_cluster_357187_359543': 16}, {'GS_cluster_357187_359543': 57}, 
25710.0, {'GS_cluster_357187_359543': -4.0}, {'GS_cluster_357187_359543': 13}, {'GS_cluster_357187_359543': 54}, 
25720.0, {'GS_cluster_357187_359543': -4.0}, {'GS_cluster_357187_359543': 13}, {'GS_cluster_357187_359543': 70}, 
25730.0, {'GS_cluster_357187_359543': -4.0}, {'GS_cluster_357187_359543': 17}, {'GS_cluster_357187_359543': 83}, 
25740.0, {'GS_cluster_357187_359543': -4.0}, {'GS_cluster_357187_359543': 21}, {'GS_cluster_357187_359543': 90}, 
25750.0, {'GS_cluster_357187_359543': -4.0}, {'GS_cluster_357187_359543': 25}, {'GS_cluster_357187_359543': 91}, 
25760.0, {'GS_cluster_357187_359543': -4.0}, {'GS_cluster_357187_359543': 25}, {'GS_cluster_357187_359543': 83}, 
25770.0, {'GS_cluster_357187_359543': -4.0}, {'GS_cluster_357187_359543': 24}, {'GS_cluster_357187_359543': 83}, 
25780.0, {'GS_cluster_357187_359543': -4.0}, {'GS_cluster_357187_359543': 24}, {'GS_cluster_357187_359543': 85}, 
25790.0, {'GS_cluster_357187_359543': -4.0}, {'GS_cluster_357187_359543': 25}, {'GS_cluster_357187_359543': 90}, 
25800.0, {'GS_cluster_357187_359543': -4.0}, {'GS_cluster_357187_359543': 26}, {'GS_cluster_357187_359543': 88}, 
25810.0, {'GS_cluster_357187_359543': -4.0}, {'GS_cluster_357187_359543': 26}, {'GS_cluster_357187_359543': 90}, 
25820.0, {'GS_cluster_357187_359543': -4.0}, {'GS_cluster_357187_359543': 26}, {'GS_cluster_357187_359543': 87}, 
25830.0, {'GS_cluster_357187_359543': -4.0}, {'GS_cluster_357187_359543': 25}, {'GS_cluster_357187_359543': 83}, 
25840.0, {'GS_cluster_357187_359543': -4.0}, {'GS_cluster_357187_359543': 24}, {'GS_cluster_357187_359543': 84}, 
25850.0, {'GS_cluster_357187_359543': -4.0}, {'GS_cluster_357187_359543': 24}, {'GS_cluster_357187_359543': 87}, 
25860.0, {'GS_cluster_357187_359543': -4.0}, {'GS_cluster_357187_359543': 23}, {'GS_cluster_357187_359543': 83}, 
25870.0, {'GS_cluster_357187_359543': -4.0}, {'GS_cluster_357187_359543': 22}, {'GS_cluster_357187_359543': 79}, 
25880.0, {'GS_cluster_357187_359543': -4.0}, {'GS_cluster_357187_359543': 21}, {'GS_cluster_357187_359543': 77}, 
25890.0, {'GS_cluster_357187_359543': -4.0}, {'GS_cluster_357187_359543': 20}, {'GS_cluster_357187_359543': 76}, 
25900.0, {'GS_cluster_357187_359543': -4.0}, {'GS_cluster_357187_359543': 19}, {'GS_cluster_357187_359543': 72}, 
25910.0, {'GS_cluster_357187_359543': -4.0}, {'GS_cluster_357187_359543': 18}, {'GS_cluster_357187_359543': 71}, 
25920.0, {'GS_cluster_357187_359543': -4.0}, {'GS_cluster_357187_359543': 17}, {'GS_cluster_357187_359543': 70}, 
25930.0, {'GS_cluster_357187_359543': -4.0}, {'GS_cluster_357187_359543': 16}, {'GS_cluster_357187_359543': 68}, 
25940.0, {'GS_cluster_357187_359543': -4.0}, {'GS_cluster_357187_359543': 16}, {'GS_cluster_357187_359543': 65}, 
25950.0, {'GS_cluster_357187_359543': -4.0}, {'GS_cluster_357187_359543': 16}, {'GS_cluster_357187_359543': 64}, 
25960.0, {'GS_cluster_357187_359543': -4.0}, {'GS_cluster_357187_359543': 16}, {'GS_cluster_357187_359543': 63}, 
25970.0, {'GS_cluster_357187_359543': -4.0}, {'GS_cluster_357187_359543': 16}, {'GS_cluster_357187_359543': 54}, 
25980.0, {'GS_cluster_357187_359543': -4.0}, {'GS_cluster_357187_359543': 16}, {'GS_cluster_357187_359543': 59}, 
25990.0, {'GS_cluster_357187_359543': -4.0}, {'GS_cluster_357187_359543': 16}, {'GS_cluster_357187_359543': 56}, 
26000.0, {'GS_cluster_357187_359543': -4.0}, {'GS_cluster_357187_359543': 16}, {'GS_cluster_357187_359543': 56}, 
26010.0, {'GS_cluster_357187_359543': -4.0}, {'GS_cluster_357187_359543': 16}, {'GS_cluster_357187_359543': 54}, 
26020.0, {'GS_cluster_357187_359543': -4.0}, {'GS_cluster_357187_359543': 16}, {'GS_cluster_357187_359543': 53}, 
26030.0, {'GS_cluster_357187_359543': -4.0}, {'GS_cluster_357187_359543': 16}, {'GS_cluster_357187_359543': 53}, 
26040.0, {'GS_cluster_357187_359543': -4.0}, {'GS_cluster_357187_359543': 16}, {'GS_cluster_357187_359543': 53}, 
26050.0, {'GS_cluster_357187_359543': -4.0}, {'GS_cluster_357187_359543': 16}, {'GS_cluster_357187_359543': 50}, 
26060.0, {'GS_cluster_357187_359543': -4.0}, {'GS_cluster_357187_359543': 16}, {'GS_cluster_357187_359543': 51}, 
26070.0, {'GS_cluster_357187_359543': -4.0}, {'GS_cluster_357187_359543': 13}, {'GS_cluster_357187_359543': 40}, 
26080.0, {'GS_cluster_357187_359543': -4.0}, {'GS_cluster_357187_359543': 13}, {'GS_cluster_357187_359543': 48}, 
26090.0, {'GS_cluster_357187_359543': -4.0}, {'GS_cluster_357187_359543': 13}, {'GS_cluster_357187_359543': 50}, 
26100.0, {'GS_cluster_357187_359543': -4.0}, {'GS_cluster_357187_359543': 16}, {'GS_cluster_357187_359543': 54}, 
26110.0, {'GS_cluster_357187_359543': -4.0}, {'GS_cluster_357187_359543': 16}, {'GS_cluster_357187_359543': 53}, 
26120.0, {'GS_cluster_357187_359543': -4.0}, {'GS_cluster_357187_359543': 16}, {'GS_cluster_357187_359543': 51}, 
26130.0, {'GS_cluster_357187_359543': -4.0}, {'GS_cluster_357187_359543': 16}, {'GS_cluster_357187_359543': 45}, 
26140.0, {'GS_cluster_357187_359543': -4.0}, {'GS_cluster_357187_359543': 16}, {'GS_cluster_357187_359543': 49}, 
26150.0, {'GS_cluster_357187_359543': -4.0}, {'GS_cluster_357187_359543': 16}, {'GS_cluster_357187_359543': 45}, 
26160.0, {'GS_cluster_357187_359543': -4.0}, {'GS_cluster_357187_359543': 16}, {'GS_cluster_357187_359543': 47}, 
26170.0, {'GS_cluster_357187_359543': -4.0}, {'GS_cluster_357187_359543': 16}, {'GS_cluster_357187_359543': 51}, 
26180.0, {'GS_cluster_357187_359543': -4.0}, {'GS_cluster_357187_359543': 14}, {'GS_cluster_357187_359543': 47}, 
26190.0, {'GS_cluster_357187_359543': -4.0}, {'GS_cluster_357187_359543': 14}, {'GS_cluster_357187_359543': 43}, 
26200.0, {'GS_cluster_357187_359543': -4.0}, {'GS_cluster_357187_359543': 14}, {'GS_cluster_357187_359543': 44}, 
26210.0, {'GS_cluster_357187_359543': -4.0}, {'GS_cluster_357187_359543': 16}, {'GS_cluster_357187_359543': 49}, 
26220.0, {'GS_cluster_357187_359543': -4.0}, {'GS_cluster_357187_359543': 16}, {'GS_cluster_357187_359543': 53}, 
26230.0, {'GS_cluster_357187_359543': -4.0}, {'GS_cluster_357187_359543': 16}, {'GS_cluster_357187_359543': 57}, 
26240.0, {'GS_cluster_357187_359543': -4.0}, {'GS_cluster_357187_359543': 16}, {'GS_cluster_357187_359543': 55}, 
26250.0, {'GS_cluster_357187_359543': -4.0}, {'GS_cluster_357187_359543': 16}, {'GS_cluster_357187_359543': 51}, 
26260.0, {'GS_cluster_357187_359543': -4.0}, {'GS_cluster_357187_359543': 16}, {'GS_cluster_357187_359543': 55}, 
26270.0, {'GS_cluster_357187_359543': -4.0}, {'GS_cluster_357187_359543': 16}, {'GS_cluster_357187_359543': 57}, 
26280.0, {'GS_cluster_357187_359543': -4.0}, {'GS_cluster_357187_359543': 16}, {'GS_cluster_357187_359543': 61}, 
26290.0, {'GS_cluster_357187_359543': -4.0}, {'GS_cluster_357187_359543': 16}, {'GS_cluster_357187_359543': 62}, 
26300.0, {'GS_cluster_357187_359543': -4.0}, {'GS_cluster_357187_359543': 16}, {'GS_cluster_357187_359543': 62}, 
26310.0, {'GS_cluster_357187_359543': -4.0}, {'GS_cluster_357187_359543': 16}, {'GS_cluster_357187_359543': 59}, 
26320.0, {'GS_cluster_357187_359543': -4.0}, {'GS_cluster_357187_359543': 16}, {'GS_cluster_357187_359543': 57}, 
26330.0, {'GS_cluster_357187_359543': -4.0}, {'GS_cluster_357187_359543': 16}, {'GS_cluster_357187_359543': 55}, 
26340.0, {'GS_cluster_357187_359543': -4.0}, {'GS_cluster_357187_359543': 16}, {'GS_cluster_357187_359543': 56}, 
26350.0, {'GS_cluster_357187_359543': -4.0}, {'GS_cluster_357187_359543': 16}, {'GS_cluster_357187_359543': 60}, 
26360.0, {'GS_cluster_357187_359543': -4.0}, {'GS_cluster_357187_359543': 16}, {'GS_cluster_357187_359543': 59}, 
26370.0, {'GS_cluster_357187_359543': -4.0}, {'GS_cluster_357187_359543': 16}, {'GS_cluster_357187_359543': 61}, 
26380.0, {'GS_cluster_357187_359543': -4.0}, {'GS_cluster_357187_359543': 16}, {'GS_cluster_357187_359543': 59}, 
26390.0, {'GS_cluster_357187_359543': -4.0}, {'GS_cluster_357187_359543': 16}, {'GS_cluster_357187_359543': 59}, 
26400.0, {'GS_cluster_357187_359543': -4.0}, {'GS_cluster_357187_359543': 16}, {'GS_cluster_357187_359543': 63}, 
26410.0, {'GS_cluster_357187_359543': -4.0}, {'GS_cluster_357187_359543': 16}, {'GS_cluster_357187_359543': 63}, 
26420.0, {'GS_cluster_357187_359543': -4.0}, {'GS_cluster_357187_359543': 16}, {'GS_cluster_357187_359543': 61}, 
26430.0, {'GS_cluster_357187_359543': -4.0}, {'GS_cluster_357187_359543': 16}, {'GS_cluster_357187_359543': 60}, 
26440.0, {'GS_cluster_357187_359543': -4.0}, {'GS_cluster_357187_359543': 16}, {'GS_cluster_357187_359543': 57}, 
26450.0, {'GS_cluster_357187_359543': -4.0}, {'GS_cluster_357187_359543': 16}, {'GS_cluster_357187_359543': 58}, 
26460.0, {'GS_cluster_357187_359543': -4.0}, {'GS_cluster_357187_359543': 16}, {'GS_cluster_357187_359543': 61}, 
26470.0, {'GS_cluster_357187_359543': -4.0}, {'GS_cluster_357187_359543': 16}, {'GS_cluster_357187_359543': 65}, 
26480.0, {'GS_cluster_357187_359543': -4.0}, {'GS_cluster_357187_359543': 16}, {'GS_cluster_357187_359543': 61}, 
26490.0, {'GS_cluster_357187_359543': -4.0}, {'GS_cluster_357187_359543': 16}, {'GS_cluster_357187_359543': 58}, 
26500.0, {'GS_cluster_357187_359543': -4.0}, {'GS_cluster_357187_359543': 16}, {'GS_cluster_357187_359543': 54}, 
26510.0, {'GS_cluster_357187_359543': -4.0}, {'GS_cluster_357187_359543': 16}, {'GS_cluster_357187_359543': 53}, 
26520.0, {'GS_cluster_357187_359543': -4.0}, {'GS_cluster_357187_359543': 16}, {'GS_cluster_357187_359543': 51}, 
26530.0, {'GS_cluster_357187_359543': -4.0}, {'GS_cluster_357187_359543': 16}, {'GS_cluster_357187_359543': 50}, 
26540.0, {'GS_cluster_357187_359543': -4.0}, {'GS_cluster_357187_359543': 16}, {'GS_cluster_357187_359543': 50}, 
26550.0, {'GS_cluster_357187_359543': -4.0}, {'GS_cluster_357187_359543': 16}, {'GS_cluster_357187_359543': 50}, 
26560.0, {'GS_cluster_357187_359543': -4.0}, {'GS_cluster_357187_359543': 16}, {'GS_cluster_357187_359543': 48}, 
26570.0, {'GS_cluster_357187_359543': -4.0}, {'GS_cluster_357187_359543': 15}, {'GS_cluster_357187_359543': 40}, 
26580.0, {'GS_cluster_357187_359543': -4.0}, {'GS_cluster_357187_359543': 15}, {'GS_cluster_357187_359543': 49}, 
26590.0, {'GS_cluster_357187_359543': -4.0}, {'GS_cluster_357187_359543': 18}, {'GS_cluster_357187_359543': 62}, 
26600.0, {'GS_cluster_357187_359543': -4.0}, {'GS_cluster_357187_359543': 23}, {'GS_cluster_357187_359543': 71}, 
26610.0, {'GS_cluster_357187_359543': -4.0}, {'GS_cluster_357187_359543': 27}, {'GS_cluster_357187_359543': 74}, 
26620.0, {'GS_cluster_357187_359543': -4.0}, {'GS_cluster_357187_359543': 27}, {'GS_cluster_357187_359543': 74}, 
26630.0, {'GS_cluster_357187_359543': -4.0}, {'GS_cluster_357187_359543': 29}, {'GS_cluster_357187_359543': 75}, 
26640.0, {'GS_cluster_357187_359543': -4.0}, {'GS_cluster_357187_359543': 25}, {'GS_cluster_357187_359543': 71}, 
26650.0, {'GS_cluster_357187_359543': -4.0}, {'GS_cluster_357187_359543': 25}, {'GS_cluster_357187_359543': 72}, 
26660.0, {'GS_cluster_357187_359543': -4.0}, {'GS_cluster_357187_359543': 28}, {'GS_cluster_357187_359543': 76}, 
26670.0, {'GS_cluster_357187_359543': -4.0}, {'GS_cluster_357187_359543': 28}, {'GS_cluster_357187_359543': 77}, 
26680.0, {'GS_cluster_357187_359543': -4.0}, {'GS_cluster_357187_359543': 27}, {'GS_cluster_357187_359543': 76}, 
26690.0, {'GS_cluster_357187_359543': -4.0}, {'GS_cluster_357187_359543': 30}, {'GS_cluster_357187_359543': 80}, 
26700.0, {'GS_cluster_357187_359543': -4.0}, {'GS_cluster_357187_359543': 34}, {'GS_cluster_357187_359543': 85}, 
26710.0, {'GS_cluster_357187_359543': -4.0}, {'GS_cluster_357187_359543': 34}, {'GS_cluster_357187_359543': 85}, 
26720.0, {'GS_cluster_357187_359543': -4.0}, {'GS_cluster_357187_359543': 33}, {'GS_cluster_357187_359543': 84}, 
26730.0, {'GS_cluster_357187_359543': -4.0}, {'GS_cluster_357187_359543': 33}, {'GS_cluster_357187_359543': 84}, 
26740.0, {'GS_cluster_357187_359543': -4.0}, {'GS_cluster_357187_359543': 31}, {'GS_cluster_357187_359543': 82}, 
26750.0, {'GS_cluster_357187_359543': -4.0}, {'GS_cluster_357187_359543': 31}, {'GS_cluster_357187_359543': 83}, 
26760.0, {'GS_cluster_357187_359543': -4.0}, {'GS_cluster_357187_359543': 31}, {'GS_cluster_357187_359543': 86}, 
26770.0, {'GS_cluster_357187_359543': -4.0}, {'GS_cluster_357187_359543': 31}, {'GS_cluster_357187_359543': 90}, 
26780.0, {'GS_cluster_357187_359543': -4.0}, {'GS_cluster_357187_359543': 31}, {'GS_cluster_357187_359543': 97}, 
26790.0, {'GS_cluster_357187_359543': -4.0}, {'GS_cluster_357187_359543': 31}, {'GS_cluster_357187_359543': 100}, 
26800.0, {'GS_cluster_357187_359543': -4.0}, {'GS_cluster_357187_359543': 35}, {'GS_cluster_357187_359543': 94}, 
26810.0, {'GS_cluster_357187_359543': -4.0}, {'GS_cluster_357187_359543': 35}, {'GS_cluster_357187_359543': 96}, 
26820.0, {'GS_cluster_357187_359543': -4.0}, {'GS_cluster_357187_359543': 35}, {'GS_cluster_357187_359543': 100}, 
26830.0, {'GS_cluster_357187_359543': -4.0}, {'GS_cluster_357187_359543': 35}, {'GS_cluster_357187_359543': 111}, 
26840.0, {'GS_cluster_357187_359543': -4.0}, {'GS_cluster_357187_359543': 35}, {'GS_cluster_357187_359543': 113}, 
26850.0, {'GS_cluster_357187_359543': -4.0}, {'GS_cluster_357187_359543': 35}, {'GS_cluster_357187_359543': 113}, 
26860.0, {'GS_cluster_357187_359543': -4.0}, {'GS_cluster_357187_359543': 35}, {'GS_cluster_357187_359543': 113}, 
26870.0, {'GS_cluster_357187_359543': -4.0}, {'GS_cluster_357187_359543': 35}, {'GS_cluster_357187_359543': 116}, 
26880.0, {'GS_cluster_357187_359543': -4.0}, {'GS_cluster_357187_359543': 35}, {'GS_cluster_357187_359543': 117}, 
26890.0, {'GS_cluster_357187_359543': -4.0}, {'GS_cluster_357187_359543': 35}, {'GS_cluster_357187_359543': 119}, 
26900.0, {'GS_cluster_357187_359543': -4.0}, {'GS_cluster_357187_359543': 35}, {'GS_cluster_357187_359543': 122}, 
26910.0, {'GS_cluster_357187_359543': -4.0}, {'GS_cluster_357187_359543': 35}, {'GS_cluster_357187_359543': 125}, 
26920.0, {'GS_cluster_357187_359543': -4.0}, {'GS_cluster_357187_359543': 35}, {'GS_cluster_357187_359543': 127}, 
26930.0, {'GS_cluster_357187_359543': -4.0}, {'GS_cluster_357187_359543': 35}, {'GS_cluster_357187_359543': 131}, 
26940.0, {'GS_cluster_357187_359543': -4.0}, {'GS_cluster_357187_359543': 35}, {'GS_cluster_357187_359543': 133}, 
26950.0, {'GS_cluster_357187_359543': -4.0}, {'GS_cluster_357187_359543': 35}, {'GS_cluster_357187_359543': 133}, 
26960.0, {'GS_cluster_357187_359543': -4.0}, {'GS_cluster_357187_359543': 35}, {'GS_cluster_357187_359543': 133}, 
26970.0, {'GS_cluster_357187_359543': -4.0}, {'GS_cluster_357187_359543': 35}, {'GS_cluster_357187_359543': 133}, 
26980.0, {'GS_cluster_357187_359543': -4.0}, {'GS_cluster_357187_359543': 35}, {'GS_cluster_357187_359543': 133}, 
26990.0, {'GS_cluster_357187_359543': -4.0}, {'GS_cluster_357187_359543': 35}, {'GS_cluster_357187_359543': 133}, 
27000.0, {'GS_cluster_357187_359543': -4.0}, {'GS_cluster_357187_359543': 35}, {'GS_cluster_357187_359543': 133}, 
27010.0, {'GS_cluster_357187_359543': -4.0}, {'GS_cluster_357187_359543': 35}, {'GS_cluster_357187_359543': 133}, 
27020.0, {'GS_cluster_357187_359543': -4.0}, {'GS_cluster_357187_359543': 34}, {'GS_cluster_357187_359543': 129}, 
27030.0, {'GS_cluster_357187_359543': -4.0}, {'GS_cluster_357187_359543': 34}, {'GS_cluster_357187_359543': 129}, 
27040.0, {'GS_cluster_357187_359543': -4.0}, {'GS_cluster_357187_359543': 34}, {'GS_cluster_357187_359543': 131}, 
27050.0, {'GS_cluster_357187_359543': -4.0}, {'GS_cluster_357187_359543': 34}, {'GS_cluster_357187_359543': 131}, 
27060.0, {'GS_cluster_357187_359543': -4.0}, {'GS_cluster_357187_359543': 33}, {'GS_cluster_357187_359543': 127}, 
27070.0, {'GS_cluster_357187_359543': -4.0}, {'GS_cluster_357187_359543': 33}, {'GS_cluster_357187_359543': 127}, 
27080.0, {'GS_cluster_357187_359543': -4.0}, {'GS_cluster_357187_359543': 31}, {'GS_cluster_357187_359543': 119}, 
27090.0, {'GS_cluster_357187_359543': -4.0}, {'GS_cluster_357187_359543': 31}, {'GS_cluster_357187_359543': 119}, 
27100.0, {'GS_cluster_357187_359543': -4.0}, {'GS_cluster_357187_359543': 31}, {'GS_cluster_357187_359543': 124}, 
27110.0, {'GS_cluster_357187_359543': -4.0}, {'GS_cluster_357187_359543': 31}, {'GS_cluster_357187_359543': 113}, 
27120.0, {'GS_cluster_357187_359543': -4.0}, {'GS_cluster_357187_359543': 31}, {'GS_cluster_357187_359543': 113}, 
27130.0, {'GS_cluster_357187_359543': -4.0}, {'GS_cluster_357187_359543': 32}, {'GS_cluster_357187_359543': 120}, 
27140.0, {'GS_cluster_357187_359543': -4.0}, {'GS_cluster_357187_359543': 35}, {'GS_cluster_357187_359543': 129}, 
27150.0, {'GS_cluster_357187_359543': -4.0}, {'GS_cluster_357187_359543': 35}, {'GS_cluster_357187_359543': 133}, 
27160.0, {'GS_cluster_357187_359543': -4.0}, {'GS_cluster_357187_359543': 35}, {'GS_cluster_357187_359543': 133}, 
27170.0, {'GS_cluster_357187_359543': -4.0}, {'GS_cluster_357187_359543': 35}, {'GS_cluster_357187_359543': 133}, 
27180.0, {'GS_cluster_357187_359543': -4.0}, {'GS_cluster_357187_359543': 35}, {'GS_cluster_357187_359543': 133}, 
27190.0, {'GS_cluster_357187_359543': -4.0}, {'GS_cluster_357187_359543': 35}, {'GS_cluster_357187_359543': 133}, 
27200.0, {'GS_cluster_357187_359543': -4.0}, {'GS_cluster_357187_359543': 35}, {'GS_cluster_357187_359543': 133}, 
27210.0, {'GS_cluster_357187_359543': -4.0}, {'GS_cluster_357187_359543': 35}, {'GS_cluster_357187_359543': 133}, 
27220.0, {'GS_cluster_357187_359543': -4.0}, {'GS_cluster_357187_359543': 35}, {'GS_cluster_357187_359543': 133}, 
27230.0, {'GS_cluster_357187_359543': -4.0}, {'GS_cluster_357187_359543': 35}, {'GS_cluster_357187_359543': 133}, 
27240.0, {'GS_cluster_357187_359543': -4.0}, {'GS_cluster_357187_359543': 34}, {'GS_cluster_357187_359543': 129}, 
27250.0, {'GS_cluster_357187_359543': -4.0}, {'GS_cluster_357187_359543': 34}, {'GS_cluster_357187_359543': 129}, 
27260.0, {'GS_cluster_357187_359543': -4.0}, {'GS_cluster_357187_359543': 34}, {'GS_cluster_357187_359543': 131}, 
27270.0, {'GS_cluster_357187_359543': -4.0}, {'GS_cluster_357187_359543': 34}, {'GS_cluster_357187_359543': 131}, 
27280.0, {'GS_cluster_357187_359543': -4.0}, {'GS_cluster_357187_359543': 34}, {'GS_cluster_357187_359543': 131}, 
27290.0, {'GS_cluster_357187_359543': -4.0}, {'GS_cluster_357187_359543': 34}, {'GS_cluster_357187_359543': 131}, 
27300.0, {'GS_cluster_357187_359543': -4.0}, {'GS_cluster_357187_359543': 35}, {'GS_cluster_357187_359543': 133}, 
27310.0, {'GS_cluster_357187_359543': -4.0}, {'GS_cluster_357187_359543': 35}, {'GS_cluster_357187_359543': 133}, 
27320.0, {'GS_cluster_357187_359543': -4.0}, {'GS_cluster_357187_359543': 35}, {'GS_cluster_357187_359543': 133}, 
27330.0, {'GS_cluster_357187_359543': -4.0}, {'GS_cluster_357187_359543': 35}, {'GS_cluster_357187_359543': 133}, 
27340.0, {'GS_cluster_357187_359543': -4.0}, {'GS_cluster_357187_359543': 35}, {'GS_cluster_357187_359543': 133}, 
27350.0, {'GS_cluster_357187_359543': -4.0}, {'GS_cluster_357187_359543': 35}, {'GS_cluster_357187_359543': 133}, 
27360.0, {'GS_cluster_357187_359543': -4.0}, {'GS_cluster_357187_359543': 35}, {'GS_cluster_357187_359543': 133}, 
27370.0, {'GS_cluster_357187_359543': -4.0}, {'GS_cluster_357187_359543': 35}, {'GS_cluster_357187_359543': 133}, 
27380.0, {'GS_cluster_357187_359543': -4.0}, {'GS_cluster_357187_359543': 35}, {'GS_cluster_357187_359543': 133}, 
27390.0, {'GS_cluster_357187_359543': -4.0}, {'GS_cluster_357187_359543': 35}, {'GS_cluster_357187_359543': 121}, 
27400.0, {'GS_cluster_357187_359543': -4.0}, {'GS_cluster_357187_359543': 35}, {'GS_cluster_357187_359543': 119}, 
27410.0, {'GS_cluster_357187_359543': -4.0}, {'GS_cluster_357187_359543': 35}, {'GS_cluster_357187_359543': 122}, 
27420.0, {'GS_cluster_357187_359543': -4.0}, {'GS_cluster_357187_359543': 35}, {'GS_cluster_357187_359543': 124}, 
27430.0, {'GS_cluster_357187_359543': -4.0}, {'GS_cluster_357187_359543': 35}, {'GS_cluster_357187_359543': 125}, 
27440.0, {'GS_cluster_357187_359543': -4.0}, {'GS_cluster_357187_359543': 32}, {'GS_cluster_357187_359543': 113}, 
27450.0, {'GS_cluster_357187_359543': -4.0}, {'GS_cluster_357187_359543': 32}, {'GS_cluster_357187_359543': 116}, 
27460.0, {'GS_cluster_357187_359543': -4.0}, {'GS_cluster_357187_359543': 32}, {'GS_cluster_357187_359543': 120}, 
27470.0, {'GS_cluster_357187_359543': -4.0}, {'GS_cluster_357187_359543': 32}, {'GS_cluster_357187_359543': 118}, 
27480.0, {'GS_cluster_357187_359543': -4.0}, {'GS_cluster_357187_359543': 32}, {'GS_cluster_357187_359543': 117}, 
27490.0, {'GS_cluster_357187_359543': -4.0}, {'GS_cluster_357187_359543': 32}, {'GS_cluster_357187_359543': 115}, 
27500.0, {'GS_cluster_357187_359543': -4.0}, {'GS_cluster_357187_359543': 35}, {'GS_cluster_357187_359543': 109}, 
27510.0, {'GS_cluster_357187_359543': -4.0}, {'GS_cluster_357187_359543': 35}, {'GS_cluster_357187_359543': 98}, 
27520.0, {'GS_cluster_357187_359543': -4.0}, {'GS_cluster_357187_359543': 35}, {'GS_cluster_357187_359543': 91}, 
27530.0, {'GS_cluster_357187_359543': -4.0}, {'GS_cluster_357187_359543': 35}, {'GS_cluster_357187_359543': 90}, 
27540.0, {'GS_cluster_357187_359543': -4.0}, {'GS_cluster_357187_359543': 35}, {'GS_cluster_357187_359543': 102}, 
27550.0, {'GS_cluster_357187_359543': -4.0}, {'GS_cluster_357187_359543': 35}, {'GS_cluster_357187_359543': 91}, 
27560.0, {'GS_cluster_357187_359543': -4.0}, {'GS_cluster_357187_359543': 32}, {'GS_cluster_357187_359543': 90}, 
27570.0, {'GS_cluster_357187_359543': -4.0}, {'GS_cluster_357187_359543': 32}, {'GS_cluster_357187_359543': 83}, 
27580.0, {'GS_cluster_357187_359543': -4.0}, {'GS_cluster_357187_359543': 32}, {'GS_cluster_357187_359543': 94}, 
27590.0, {'GS_cluster_357187_359543': -4.0}, {'GS_cluster_357187_359543': 32}, {'GS_cluster_357187_359543': 87}, 
27600.0, {'GS_cluster_357187_359543': -4.0}, {'GS_cluster_357187_359543': 32}, {'GS_cluster_357187_359543': 83}, 
27610.0, {'GS_cluster_357187_359543': -4.0}, {'GS_cluster_357187_359543': 33}, {'GS_cluster_357187_359543': 94}, 
27620.0, {'GS_cluster_357187_359543': -4.0}, {'GS_cluster_357187_359543': 35}, {'GS_cluster_357187_359543': 95}, 
27630.0, {'GS_cluster_357187_359543': -4.0}, {'GS_cluster_357187_359543': 35}, {'GS_cluster_357187_359543': 95}, 
27640.0, {'GS_cluster_357187_359543': -4.0}, {'GS_cluster_357187_359543': 35}, {'GS_cluster_357187_359543': 93}, 
27650.0, {'GS_cluster_357187_359543': -4.0}, {'GS_cluster_357187_359543': 35}, {'GS_cluster_357187_359543': 90}, 
27660.0, {'GS_cluster_357187_359543': -4.0}, {'GS_cluster_357187_359543': 35}, {'GS_cluster_357187_359543': 92}, 
27670.0, {'GS_cluster_357187_359543': -4.0}, {'GS_cluster_357187_359543': 35}, {'GS_cluster_357187_359543': 91}, 
27680.0, {'GS_cluster_357187_359543': -4.0}, {'GS_cluster_357187_359543': 35}, {'GS_cluster_357187_359543': 90}, 
27690.0, {'GS_cluster_357187_359543': -4.0}, {'GS_cluster_357187_359543': 35}, {'GS_cluster_357187_359543': 88}, 
27700.0, {'GS_cluster_357187_359543': -4.0}, {'GS_cluster_357187_359543': 35}, {'GS_cluster_357187_359543': 89}, 
27710.0, {'GS_cluster_357187_359543': -4.0}, {'GS_cluster_357187_359543': 35}, {'GS_cluster_357187_359543': 88}, 
27720.0, {'GS_cluster_357187_359543': -4.0}, {'GS_cluster_357187_359543': 35}, {'GS_cluster_357187_359543': 95}, 
27730.0, {'GS_cluster_357187_359543': -4.0}, {'GS_cluster_357187_359543': 35}, {'GS_cluster_357187_359543': 97}, 
27740.0, {'GS_cluster_357187_359543': -4.0}, {'GS_cluster_357187_359543': 35}, {'GS_cluster_357187_359543': 97}, 
27750.0, {'GS_cluster_357187_359543': -4.0}, {'GS_cluster_357187_359543': 35}, {'GS_cluster_357187_359543': 96}, 
27760.0, {'GS_cluster_357187_359543': -4.0}, {'GS_cluster_357187_359543': 32}, {'GS_cluster_357187_359543': 86}, 
27770.0, {'GS_cluster_357187_359543': -4.0}, {'GS_cluster_357187_359543': 32}, {'GS_cluster_357187_359543': 83}, 
27780.0, {'GS_cluster_357187_359543': -4.0}, {'GS_cluster_357187_359543': 32}, {'GS_cluster_357187_359543': 81}, 
27790.0, {'GS_cluster_357187_359543': -4.0}, {'GS_cluster_357187_359543': 31}, {'GS_cluster_357187_359543': 83}, 
27800.0, {'GS_cluster_357187_359543': -4.0}, {'GS_cluster_357187_359543': 31}, {'GS_cluster_357187_359543': 82}, 
27810.0, {'GS_cluster_357187_359543': -4.0}, {'GS_cluster_357187_359543': 31}, {'GS_cluster_357187_359543': 82}, 
27820.0, {'GS_cluster_357187_359543': -4.0}, {'GS_cluster_357187_359543': 33}, {'GS_cluster_357187_359543': 94}, 
27830.0, {'GS_cluster_357187_359543': -4.0}, {'GS_cluster_357187_359543': 33}, {'GS_cluster_357187_359543': 100}, 
27840.0, {'GS_cluster_357187_359543': -4.0}, {'GS_cluster_357187_359543': 32}, {'GS_cluster_357187_359543': 102}, 
27850.0, {'GS_cluster_357187_359543': -4.0}, {'GS_cluster_357187_359543': 32}, {'GS_cluster_357187_359543': 106}, 
27860.0, {'GS_cluster_357187_359543': -4.0}, {'GS_cluster_357187_359543': 32}, {'GS_cluster_357187_359543': 109}, 
27870.0, {'GS_cluster_357187_359543': -4.0}, {'GS_cluster_357187_359543': 34}, {'GS_cluster_357187_359543': 112}, 
27880.0, {'GS_cluster_357187_359543': -4.0}, {'GS_cluster_357187_359543': 33}, {'GS_cluster_357187_359543': 110}, 
27890.0, {'GS_cluster_357187_359543': -4.0}, {'GS_cluster_357187_359543': 32}, {'GS_cluster_357187_359543': 111}, 
27900.0, {'GS_cluster_357187_359543': -4.0}, {'GS_cluster_357187_359543': 32}, {'GS_cluster_357187_359543': 109}, 
27910.0, {'GS_cluster_357187_359543': -4.0}, {'GS_cluster_357187_359543': 32}, {'GS_cluster_357187_359543': 107}, 
27920.0, {'GS_cluster_357187_359543': -4.0}, {'GS_cluster_357187_359543': 32}, {'GS_cluster_357187_359543': 108}, 
27930.0, {'GS_cluster_357187_359543': -4.0}, {'GS_cluster_357187_359543': 32}, {'GS_cluster_357187_359543': 108}, 
27940.0, {'GS_cluster_357187_359543': -4.0}, {'GS_cluster_357187_359543': 32}, {'GS_cluster_357187_359543': 113}, 
27950.0, {'GS_cluster_357187_359543': -4.0}, {'GS_cluster_357187_359543': 32}, {'GS_cluster_357187_359543': 120}, 
27960.0, {'GS_cluster_357187_359543': -4.0}, {'GS_cluster_357187_359543': 35}, {'GS_cluster_357187_359543': 128}, 
27970.0, {'GS_cluster_357187_359543': -4.0}, {'GS_cluster_357187_359543': 35}, {'GS_cluster_357187_359543': 128}, 
27980.0, {'GS_cluster_357187_359543': -4.0}, {'GS_cluster_357187_359543': 35}, {'GS_cluster_357187_359543': 128}, 
27990.0, {'GS_cluster_357187_359543': -4.0}, {'GS_cluster_357187_359543': 35}, {'GS_cluster_357187_359543': 128}, 
28000.0, {'GS_cluster_357187_359543': -4.0}, {'GS_cluster_357187_359543': 32}, {'GS_cluster_357187_359543': 116}, 
28010.0, {'GS_cluster_357187_359543': -4.0}, {'GS_cluster_357187_359543': 32}, {'GS_cluster_357187_359543': 116}, 
28020.0, {'GS_cluster_357187_359543': -4.0}, {'GS_cluster_357187_359543': 32}, {'GS_cluster_357187_359543': 119}, 
28030.0, {'GS_cluster_357187_359543': -4.0}, {'GS_cluster_357187_359543': 32}, {'GS_cluster_357187_359543': 119}, 
28040.0, {'GS_cluster_357187_359543': -4.0}, {'GS_cluster_357187_359543': 32}, {'GS_cluster_357187_359543': 119}, 
28050.0, {'GS_cluster_357187_359543': -4.0}, {'GS_cluster_357187_359543': 32}, {'GS_cluster_357187_359543': 119}, 
28060.0, {'GS_cluster_357187_359543': -4.0}, {'GS_cluster_357187_359543': 35}, {'GS_cluster_357187_359543': 125}, 
28070.0, {'GS_cluster_357187_359543': -4.0}, {'GS_cluster_357187_359543': 35}, {'GS_cluster_357187_359543': 125}, 
28080.0, {'GS_cluster_357187_359543': -4.0}, {'GS_cluster_357187_359543': 35}, {'GS_cluster_357187_359543': 125}, 
28090.0, {'GS_cluster_357187_359543': -4.0}, {'GS_cluster_357187_359543': 35}, {'GS_cluster_357187_359543': 125}, 
28100.0, {'GS_cluster_357187_359543': -4.0}, {'GS_cluster_357187_359543': 35}, {'GS_cluster_357187_359543': 113}, 
28110.0, {'GS_cluster_357187_359543': -4.0}, {'GS_cluster_357187_359543': 35}, {'GS_cluster_357187_359543': 112}, 
28120.0, {'GS_cluster_357187_359543': -4.0}, {'GS_cluster_357187_359543': 35}, {'GS_cluster_357187_359543': 118}, 
28130.0, {'GS_cluster_357187_359543': -4.0}, {'GS_cluster_357187_359543': 35}, {'GS_cluster_357187_359543': 120}, 
28140.0, {'GS_cluster_357187_359543': -4.0}, {'GS_cluster_357187_359543': 35}, {'GS_cluster_357187_359543': 125}, 
28150.0, {'GS_cluster_357187_359543': -4.0}, {'GS_cluster_357187_359543': 35}, {'GS_cluster_357187_359543': 125}, 
28160.0, {'GS_cluster_357187_359543': -4.0}, {'GS_cluster_357187_359543': 35}, {'GS_cluster_357187_359543': 125}, 
28170.0, {'GS_cluster_357187_359543': -4.0}, {'GS_cluster_357187_359543': 35}, {'GS_cluster_357187_359543': 125}, 
28180.0, {'GS_cluster_357187_359543': -4.0}, {'GS_cluster_357187_359543': 35}, {'GS_cluster_357187_359543': 125}, 
28190.0, {'GS_cluster_357187_359543': -4.0}, {'GS_cluster_357187_359543': 35}, {'GS_cluster_357187_359543': 125}, 
28200.0, {'GS_cluster_357187_359543': -4.0}, {'GS_cluster_357187_359543': 35}, {'GS_cluster_357187_359543': 125}, 
28210.0, {'GS_cluster_357187_359543': -4.0}, {'GS_cluster_357187_359543': 35}, {'GS_cluster_357187_359543': 125}, 
28220.0, {'GS_cluster_357187_359543': -4.0}, {'GS_cluster_357187_359543': 35}, {'GS_cluster_357187_359543': 125}, 
28230.0, {'GS_cluster_357187_359543': -4.0}, {'GS_cluster_357187_359543': 35}, {'GS_cluster_357187_359543': 125}, 
28240.0, {'GS_cluster_357187_359543': -4.0}, {'GS_cluster_357187_359543': 35}, {'GS_cluster_357187_359543': 125}, 
28250.0, {'GS_cluster_357187_359543': -4.0}, {'GS_cluster_357187_359543': 35}, {'GS_cluster_357187_359543': 125}, 
28260.0, {'GS_cluster_357187_359543': -4.0}, {'GS_cluster_357187_359543': 35}, {'GS_cluster_357187_359543': 125}, 
28270.0, {'GS_cluster_357187_359543': -4.0}, {'GS_cluster_357187_359543': 35}, {'GS_cluster_357187_359543': 125}, 
28280.0, {'GS_cluster_357187_359543': -4.0}, {'GS_cluster_357187_359543': 35}, {'GS_cluster_357187_359543': 125}, 
28290.0, {'GS_cluster_357187_359543': -4.0}, {'GS_cluster_357187_359543': 35}, {'GS_cluster_357187_359543': 113}, 
28300.0, {'GS_cluster_357187_359543': -4.0}, {'GS_cluster_357187_359543': 35}, {'GS_cluster_357187_359543': 111}, 
28310.0, {'GS_cluster_357187_359543': -4.0}, {'GS_cluster_357187_359543': 35}, {'GS_cluster_357187_359543': 112}, 
28320.0, {'GS_cluster_357187_359543': -4.0}, {'GS_cluster_357187_359543': 35}, {'GS_cluster_357187_359543': 116}, 
28330.0, {'GS_cluster_357187_359543': -4.0}, {'GS_cluster_357187_359543': 35}, {'GS_cluster_357187_359543': 115}, 
28340.0, {'GS_cluster_357187_359543': -4.0}, {'GS_cluster_357187_359543': 35}, {'GS_cluster_357187_359543': 111}, 
28350.0, {'GS_cluster_357187_359543': -4.0}, {'GS_cluster_357187_359543': 35}, {'GS_cluster_357187_359543': 117}, 
28360.0, {'GS_cluster_357187_359543': -4.0}, {'GS_cluster_357187_359543': 35}, {'GS_cluster_357187_359543': 121}, 
28370.0, {'GS_cluster_357187_359543': -4.0}, {'GS_cluster_357187_359543': 35}, {'GS_cluster_357187_359543': 124}, 
28380.0, {'GS_cluster_357187_359543': -4.0}, {'GS_cluster_357187_359543': 32}, {'GS_cluster_357187_359543': 114}, 
28390.0, {'GS_cluster_357187_359543': -4.0}, {'GS_cluster_357187_359543': 32}, {'GS_cluster_357187_359543': 113}, 
28400.0, {'GS_cluster_357187_359543': -4.0}, {'GS_cluster_357187_359543': 32}, {'GS_cluster_357187_359543': 117}, 
28410.0, {'GS_cluster_357187_359543': -4.0}, {'GS_cluster_357187_359543': 32}, {'GS_cluster_357187_359543': 121}, 
28420.0, {'GS_cluster_357187_359543': -4.0}, {'GS_cluster_357187_359543': 32}, {'GS_cluster_357187_359543': 121}, 
28430.0, {'GS_cluster_357187_359543': -4.0}, {'GS_cluster_357187_359543': 32}, {'GS_cluster_357187_359543': 121}, 
28440.0, {'GS_cluster_357187_359543': -4.0}, {'GS_cluster_357187_359543': 35}, {'GS_cluster_357187_359543': 128}, 
28450.0, {'GS_cluster_357187_359543': -4.0}, {'GS_cluster_357187_359543': 35}, {'GS_cluster_357187_359543': 128}, 
28460.0, {'GS_cluster_357187_359543': -4.0}, {'GS_cluster_357187_359543': 35}, {'GS_cluster_357187_359543': 128}, 
28470.0, {'GS_cluster_357187_359543': -4.0}, {'GS_cluster_357187_359543': 35}, {'GS_cluster_357187_359543': 128}, 
28480.0, {'GS_cluster_357187_359543': -4.0}, {'GS_cluster_357187_359543': 35}, {'GS_cluster_357187_359543': 128}, 
28490.0, {'GS_cluster_357187_359543': -4.0}, {'GS_cluster_357187_359543': 35}, {'GS_cluster_357187_359543': 128}, 
28500.0, {'GS_cluster_357187_359543': -4.0}, {'GS_cluster_357187_359543': 35}, {'GS_cluster_357187_359543': 128}, 
28510.0, {'GS_cluster_357187_359543': -4.0}, {'GS_cluster_357187_359543': 35}, {'GS_cluster_357187_359543': 128}, 
28520.0, {'GS_cluster_357187_359543': -4.0}, {'GS_cluster_357187_359543': 35}, {'GS_cluster_357187_359543': 128}, 
28530.0, {'GS_cluster_357187_359543': -4.0}, {'GS_cluster_357187_359543': 35}, {'GS_cluster_357187_359543': 128}, 
28540.0, {'GS_cluster_357187_359543': -4.0}, {'GS_cluster_357187_359543': 35}, {'GS_cluster_357187_359543': 128}, 
28550.0, {'GS_cluster_357187_359543': -4.0}, {'GS_cluster_357187_359543': 35}, {'GS_cluster_357187_359543': 128}, 
28560.0, {'GS_cluster_357187_359543': -4.0}, {'GS_cluster_357187_359543': 35}, {'GS_cluster_357187_359543': 128}, 
28570.0, {'GS_cluster_357187_359543': -4.0}, {'GS_cluster_357187_359543': 35}, {'GS_cluster_357187_359543': 128}, 
28580.0, {'GS_cluster_357187_359543': -4.0}, {'GS_cluster_357187_359543': 35}, {'GS_cluster_357187_359543': 116}, 
28590.0, {'GS_cluster_357187_359543': -4.0}, {'GS_cluster_357187_359543': 35}, {'GS_cluster_357187_359543': 115}, 
28600.0, {'GS_cluster_357187_359543': -4.0}, {'GS_cluster_357187_359543': 35}, {'GS_cluster_357187_359543': 117}, 
28610.0, {'GS_cluster_357187_359543': -4.0}, {'GS_cluster_357187_359543': 35}, {'GS_cluster_357187_359543': 124}, 
28620.0, {'GS_cluster_357187_359543': -4.0}, {'GS_cluster_357187_359543': 35}, {'GS_cluster_357187_359543': 125}, 
28630.0, {'GS_cluster_357187_359543': -4.0}, {'GS_cluster_357187_359543': 32}, {'GS_cluster_357187_359543': 116}, 
28640.0, {'GS_cluster_357187_359543': -4.0}, {'GS_cluster_357187_359543': 32}, {'GS_cluster_357187_359543': 117}, 
28650.0, {'GS_cluster_357187_359543': -4.0}, {'GS_cluster_357187_359543': 32}, {'GS_cluster_357187_359543': 121}, 
28660.0, {'GS_cluster_357187_359543': -4.0}, {'GS_cluster_357187_359543': 32}, {'GS_cluster_357187_359543': 127}, 
28670.0, {'GS_cluster_357187_359543': -4.0}, {'GS_cluster_357187_359543': 32}, {'GS_cluster_357187_359543': 128}, 
28680.0, {'GS_cluster_357187_359543': -4.0}, {'GS_cluster_357187_359543': 32}, {'GS_cluster_357187_359543': 128}, 
28690.0, {'GS_cluster_357187_359543': -4.0}, {'GS_cluster_357187_359543': 35}, {'GS_cluster_357187_359543': 134}, 
28700.0, {'GS_cluster_357187_359543': -4.0}, {'GS_cluster_357187_359543': 35}, {'GS_cluster_357187_359543': 134}, 
28710.0, {'GS_cluster_357187_359543': -4.0}, {'GS_cluster_357187_359543': 35}, {'GS_cluster_357187_359543': 134}, 
28720.0, {'GS_cluster_357187_359543': -4.0}, {'GS_cluster_357187_359543': 35}, {'GS_cluster_357187_359543': 134}, 
28730.0, {'GS_cluster_357187_359543': -4.0}, {'GS_cluster_357187_359543': 35}, {'GS_cluster_357187_359543': 134}, 
28740.0, {'GS_cluster_357187_359543': -4.0}, {'GS_cluster_357187_359543': 35}, {'GS_cluster_357187_359543': 134}, 
28750.0, {'GS_cluster_357187_359543': -4.0}, {'GS_cluster_357187_359543': 34}, {'GS_cluster_357187_359543': 130}, 
28760.0, {'GS_cluster_357187_359543': -4.0}, {'GS_cluster_357187_359543': 34}, {'GS_cluster_357187_359543': 127}, 
28770.0, {'GS_cluster_357187_359543': -4.0}, {'GS_cluster_357187_359543': 34}, {'GS_cluster_357187_359543': 125}, 
28780.0, {'GS_cluster_357187_359543': -4.0}, {'GS_cluster_357187_359543': 34}, {'GS_cluster_357187_359543': 123}, 
28790.0, {'GS_cluster_357187_359543': -4.0}, {'GS_cluster_357187_359543': 34}, {'GS_cluster_357187_359543': 123}, 
28800.0, {'GS_cluster_357187_359543': -4.0}, {'GS_cluster_357187_359543': 34}, {'GS_cluster_357187_359543': 122}, 
